customer_id,branch_id,segment,onboarding_date
CUST00001,B009,Affluent,2023-10-13
CUST00002,B006,Affluent,2023-11-02
CUST00003,B007,SME,2024-05-01
CUST00004,B003,SME,2024-11-13
CUST00005,B018,SME,2024-06-15
CUST00006,B006,Affluent,2023-09-13
CUST00007,B009,SME,2022-09-15
CUST00008,B008,SME,2024-01-04
CUST00009,B002,Retail,2025-08-25
CUST00010,B011,Affluent,2024-04-29
CUST00011,B003,Retail,2024-01-24
CUST00012,B007,SME,2023-01-11
CUST00013,B013,SME,2023-04-04
CUST00014,B005,Affluent,2025-01-17
CUST00015,B008,SME,2022-10-22
CUST00016,B009,SME,2023-06-05
CUST00017,B019,Affluent,2023-10-19
CUST00018,B008,Retail,2022-12-21
CUST00019,B016,Retail,2025-07-25
CUST00020,B004,Retail,2024-12-06
CUST00021,B014,SME,2025-06-21
CUST00022,B013,Affluent,2023-03-16
CUST00023,B017,Affluent,2022-09-22
CUST00024,B001,SME,2025-03-09
CUST00025,B018,Affluent,2023-12-03
CUST00026,B004,Affluent,2023-05-23
CUST00027,B006,Affluent,2025-10-23
CUST00028,B009,SME,2024-10-29
CUST00029,B017,Retail,2024-02-26
CUST00030,B017,SME,2024-09-17
CUST00031,B005,Affluent,2024-12-03
CUST00032,B018,SME,2025-10-28
CUST00033,B020,Affluent,2023-02-02
CUST00034,B001,Retail,2023-10-17
CUST00035,B010,Retail,2025-07-03
CUST00036,B008,SME,2025-05-21
CUST00037,B003,SME,2023-02-07
CUST00038,B003,SME,2025-02-14
CUST00039,B005,SME,2023-03-01
CUST00040,B018,Retail,2024-05-05
CUST00041,B017,SME,2023-06-16
CUST00042,B007,SME,2024-09-13
CUST00043,B010,Affluent,2023-09-26
CUST00044,B015,SME,2023-04-19
CUST00045,B004,Retail,2024-07-26
CUST00046,B003,Affluent,2025-09-16
CUST00047,B019,SME,2024-07-15
CUST00048,B019,Retail,2025-10-15
CUST00049,B003,SME,2025-07-01
CUST00050,B008,Retail,2025-08-26
CUST00051,B011,Retail,2022-12-12
CUST00052,B008,Affluent,2023-02-08
CUST00053,B007,SME,2025-02-01
CUST00054,B019,SME,2023-03-06
CUST00055,B008,Affluent,2023-07-19
CUST00056,B007,Retail,2025-04-14
CUST00057,B014,Affluent,2023-06-15
CUST00058,B014,Affluent,2025-07-11
CUST00059,B004,Retail,2023-07-28
CUST00060,B011,Retail,2024-06-07
CUST00061,B007,Retail,2022-10-27
CUST00062,B015,Retail,2023-06-18
CUST00063,B006,Affluent,2023-03-27
CUST00064,B008,Retail,2023-05-06
CUST00065,B018,Retail,2025-07-18
CUST00066,B018,Retail,2025-04-21
CUST00067,B008,Retail,2023-07-20
CUST00068,B016,Affluent,2024-08-18
CUST00069,B013,Retail,2024-11-26
CUST00070,B013,Retail,2023-08-22
CUST00071,B009,Affluent,2024-03-24
CUST00072,B014,SME,2022-09-17
CUST00073,B016,Retail,2024-10-06
CUST00074,B010,Retail,2025-07-02
CUST00075,B019,SME,2022-10-15
CUST00076,B002,SME,2024-01-26
CUST00077,B002,Retail,2023-02-26
CUST00078,B017,SME,2024-12-11
CUST00079,B002,SME,2025-05-18
CUST00080,B006,Retail,2025-06-12
CUST00081,B008,Affluent,2025-02-26
CUST00082,B019,Retail,2025-08-09
CUST00083,B020,Retail,2023-06-24
CUST00084,B019,SME,2022-11-24
CUST00085,B011,Affluent,2024-09-06
CUST00086,B011,Retail,2024-05-04
CUST00087,B013,Retail,2024-02-23
CUST00088,B015,Affluent,2025-06-03
CUST00089,B001,Affluent,2025-04-08
CUST00090,B003,SME,2024-08-19
CUST00091,B017,Affluent,2025-01-31
CUST00092,B012,Retail,2024-06-16
CUST00093,B012,Affluent,2024-12-10
CUST00094,B015,SME,2024-02-18
CUST00095,B020,SME,2022-11-11
CUST00096,B001,SME,2022-09-20
CUST00097,B010,SME,2025-03-31
CUST00098,B005,Affluent,2025-03-07
CUST00099,B004,SME,2022-09-22
CUST00100,B005,Affluent,2024-03-31
CUST00101,B020,Retail,2023-11-27
CUST00102,B007,SME,2024-05-07
CUST00103,B017,Affluent,2024-06-02
CUST00104,B002,Retail,2023-06-15
CUST00105,B009,Retail,2025-10-22
CUST00106,B011,Retail,2024-05-11
CUST00107,B006,SME,2023-05-09
CUST00108,B018,SME,2023-06-07
CUST00109,B018,Retail,2025-03-14
CUST00110,B003,SME,2024-12-28
CUST00111,B018,Retail,2023-10-04
CUST00112,B019,SME,2024-12-30
CUST00113,B014,Retail,2025-08-05
CUST00114,B010,Affluent,2025-08-09
CUST00115,B012,Retail,2024-06-05
CUST00116,B004,Affluent,2023-07-20
CUST00117,B020,SME,2024-12-17
CUST00118,B008,Retail,2024-11-01
CUST00119,B014,Retail,2024-10-27
CUST00120,B011,Affluent,2024-06-08
CUST00121,B009,Retail,2025-03-22
CUST00122,B013,Retail,2023-03-11
CUST00123,B008,Retail,2023-04-01
CUST00124,B012,Affluent,2024-07-20
CUST00125,B008,Retail,2024-09-29
CUST00126,B013,Affluent,2024-04-07
CUST00127,B003,Affluent,2023-11-10
CUST00128,B017,Affluent,2022-10-27
CUST00129,B011,Retail,2025-03-07
CUST00130,B009,Retail,2024-05-04
CUST00131,B002,Retail,2023-05-24
CUST00132,B012,SME,2024-01-26
CUST00133,B014,SME,2022-12-17
CUST00134,B004,Affluent,2024-10-05
CUST00135,B009,Retail,2023-05-20
CUST00136,B001,SME,2022-10-23
CUST00137,B007,Affluent,2023-05-30
CUST00138,B003,SME,2023-12-23
CUST00139,B020,Affluent,2025-02-16
CUST00140,B010,SME,2024-02-04
CUST00141,B014,Affluent,2023-07-28
CUST00142,B010,SME,2025-02-11
CUST00143,B007,Affluent,2023-09-14
CUST00144,B006,SME,2024-02-21
CUST00145,B013,SME,2025-10-29
CUST00146,B010,Affluent,2024-08-25
CUST00147,B014,SME,2024-01-09
CUST00148,B015,Affluent,2023-05-08
CUST00149,B007,SME,2023-03-05
CUST00150,B006,SME,2025-05-09
CUST00151,B010,SME,2023-12-13
CUST00152,B003,Retail,2024-02-02
CUST00153,B008,Retail,2025-01-01
CUST00154,B001,Retail,2024-06-15
CUST00155,B016,SME,2025-06-02
CUST00156,B015,Affluent,2024-09-26
CUST00157,B013,Affluent,2023-08-03
CUST00158,B008,Retail,2025-10-18
CUST00159,B004,Affluent,2024-08-07
CUST00160,B006,SME,2022-12-04
CUST00161,B015,Retail,2024-06-06
CUST00162,B004,Affluent,2025-01-29
CUST00163,B015,SME,2022-11-07
CUST00164,B018,SME,2024-01-19
CUST00165,B015,SME,2022-12-31
CUST00166,B014,SME,2023-04-30
CUST00167,B006,SME,2023-03-02
CUST00168,B015,Affluent,2024-06-10
CUST00169,B009,SME,2023-02-10
CUST00170,B008,Affluent,2023-05-13
CUST00171,B003,SME,2024-03-23
CUST00172,B008,Affluent,2023-12-12
CUST00173,B011,SME,2025-05-17
CUST00174,B005,Retail,2024-07-13
CUST00175,B013,SME,2024-12-21
CUST00176,B007,Retail,2023-07-03
CUST00177,B014,Affluent,2022-10-14
CUST00178,B015,Affluent,2025-06-24
CUST00179,B007,Affluent,2023-08-24
CUST00180,B019,SME,2025-09-19
CUST00181,B019,Affluent,2023-02-26
CUST00182,B001,Affluent,2024-02-26
CUST00183,B013,Affluent,2022-10-23
CUST00184,B018,SME,2024-08-04
CUST00185,B016,Retail,2024-04-19
CUST00186,B014,Affluent,2025-08-31
CUST00187,B013,Affluent,2023-07-24
CUST00188,B006,Affluent,2025-02-10
CUST00189,B020,SME,2025-09-04
CUST00190,B013,SME,2025-09-04
CUST00191,B003,SME,2023-06-05
CUST00192,B005,Affluent,2024-10-22
CUST00193,B002,Affluent,2023-09-14
CUST00194,B011,Retail,2023-04-12
CUST00195,B011,Affluent,2023-09-14
CUST00196,B009,Affluent,2024-05-31
CUST00197,B003,Affluent,2025-09-20
CUST00198,B018,Retail,2023-11-13
CUST00199,B008,SME,2025-06-11
CUST00200,B002,Retail,2024-06-10
CUST00201,B007,Retail,2024-12-21
CUST00202,B008,Retail,2023-03-05
CUST00203,B004,SME,2024-08-09
CUST00204,B015,SME,2024-05-23
CUST00205,B012,Retail,2025-03-09
CUST00206,B006,Affluent,2025-03-22
CUST00207,B019,Retail,2024-01-30
CUST00208,B019,SME,2023-09-22
CUST00209,B013,SME,2024-09-18
CUST00210,B003,SME,2024-06-19
CUST00211,B004,SME,2024-02-20
CUST00212,B020,Retail,2025-08-06
CUST00213,B012,SME,2023-06-05
CUST00214,B012,Retail,2022-12-28
CUST00215,B011,Retail,2023-06-22
CUST00216,B016,Retail,2023-05-26
CUST00217,B012,SME,2023-04-02
CUST00218,B005,Affluent,2024-11-03
CUST00219,B017,SME,2024-04-24
CUST00220,B020,SME,2023-02-12
CUST00221,B015,Affluent,2024-04-28
CUST00222,B011,Retail,2025-05-05
CUST00223,B009,Affluent,2024-06-17
CUST00224,B015,SME,2023-09-14
CUST00225,B011,Retail,2023-01-21
CUST00226,B011,Retail,2023-02-04
CUST00227,B007,Affluent,2024-05-18
CUST00228,B011,Affluent,2024-04-12
CUST00229,B018,Retail,2022-12-06
CUST00230,B007,Retail,2024-06-22
CUST00231,B014,Affluent,2022-09-18
CUST00232,B008,SME,2023-02-27
CUST00233,B016,Affluent,2025-09-24
CUST00234,B003,Affluent,2024-08-02
CUST00235,B013,SME,2024-06-18
CUST00236,B010,SME,2023-10-05
CUST00237,B016,SME,2022-11-07
CUST00238,B012,Affluent,2022-09-28
CUST00239,B011,Affluent,2023-04-14
CUST00240,B009,Affluent,2024-06-02
CUST00241,B008,Retail,2024-09-30
CUST00242,B011,Retail,2022-10-28
CUST00243,B006,Retail,2024-08-12
CUST00244,B016,Affluent,2022-11-20
CUST00245,B020,Affluent,2025-04-07
CUST00246,B007,Affluent,2024-07-21
CUST00247,B012,Retail,2024-02-18
CUST00248,B001,SME,2022-11-01
CUST00249,B005,Affluent,2025-07-28
CUST00250,B002,SME,2024-03-10
CUST00251,B005,SME,2023-01-28
CUST00252,B004,Retail,2024-03-26
CUST00253,B016,Affluent,2023-05-11
CUST00254,B011,Retail,2025-07-16
CUST00255,B009,Affluent,2025-03-10
CUST00256,B003,Affluent,2023-01-26
CUST00257,B003,SME,2025-07-12
CUST00258,B005,Retail,2024-02-15
CUST00259,B003,Retail,2025-03-01
CUST00260,B018,Affluent,2024-07-24
CUST00261,B017,Affluent,2023-04-21
CUST00262,B015,Affluent,2023-06-04
CUST00263,B010,SME,2025-06-28
CUST00264,B020,SME,2025-04-09
CUST00265,B007,SME,2024-08-23
CUST00266,B009,SME,2025-05-16
CUST00267,B006,Retail,2024-11-08
CUST00268,B018,Retail,2024-12-13
CUST00269,B001,Affluent,2023-04-21
CUST00270,B020,Affluent,2024-03-12
CUST00271,B002,Retail,2024-03-18
CUST00272,B010,SME,2023-04-14
CUST00273,B003,SME,2024-07-08
CUST00274,B009,SME,2024-09-19
CUST00275,B014,Retail,2022-10-10
CUST00276,B008,SME,2024-12-28
CUST00277,B009,Retail,2025-06-05
CUST00278,B002,Retail,2024-02-08
CUST00279,B020,SME,2024-03-17
CUST00280,B015,Retail,2023-03-15
CUST00281,B010,SME,2023-07-28
CUST00282,B009,SME,2022-10-20
CUST00283,B016,Affluent,2025-05-18
CUST00284,B020,Retail,2023-05-29
CUST00285,B011,SME,2024-06-04
CUST00286,B001,Retail,2024-07-18
CUST00287,B019,SME,2025-09-17
CUST00288,B009,SME,2025-08-08
CUST00289,B006,Affluent,2022-12-02
CUST00290,B015,Affluent,2024-10-23
CUST00291,B019,Affluent,2023-01-26
CUST00292,B003,Affluent,2023-11-17
CUST00293,B014,Affluent,2024-01-11
CUST00294,B004,Retail,2023-12-24
CUST00295,B014,SME,2023-01-19
CUST00296,B010,SME,2023-08-01
CUST00297,B018,Retail,2023-04-12
CUST00298,B003,Affluent,2024-05-31
CUST00299,B011,Retail,2023-07-25
CUST00300,B017,Retail,2022-10-14
CUST00301,B015,Affluent,2025-07-10
CUST00302,B007,SME,2023-10-20
CUST00303,B020,Affluent,2023-05-08
CUST00304,B002,Retail,2024-05-01
CUST00305,B018,Retail,2024-03-19
CUST00306,B015,SME,2023-02-10
CUST00307,B004,Retail,2024-06-26
CUST00308,B006,Affluent,2022-09-27
CUST00309,B001,SME,2023-07-17
CUST00310,B003,Retail,2025-03-11
CUST00311,B015,Retail,2024-12-18
CUST00312,B016,SME,2024-03-11
CUST00313,B017,SME,2024-04-18
CUST00314,B014,Affluent,2023-03-07
CUST00315,B008,Affluent,2022-09-27
CUST00316,B005,Affluent,2024-10-04
CUST00317,B020,SME,2025-01-23
CUST00318,B003,Affluent,2023-07-03
CUST00319,B011,SME,2024-04-30
CUST00320,B001,Affluent,2024-02-26
CUST00321,B019,SME,2023-01-31
CUST00322,B005,Affluent,2022-10-22
CUST00323,B016,Affluent,2023-12-19
CUST00324,B018,SME,2023-09-18
CUST00325,B015,Affluent,2024-10-08
CUST00326,B008,SME,2023-09-06
CUST00327,B008,Affluent,2025-08-01
CUST00328,B011,SME,2023-03-06
CUST00329,B013,Affluent,2024-12-22
CUST00330,B016,Retail,2025-02-13
CUST00331,B017,SME,2023-12-20
CUST00332,B004,Affluent,2025-04-08
CUST00333,B017,Affluent,2025-09-28
CUST00334,B005,Affluent,2024-12-17
CUST00335,B003,Affluent,2024-05-05
CUST00336,B011,SME,2023-08-07
CUST00337,B003,Affluent,2022-11-02
CUST00338,B013,Affluent,2023-02-03
CUST00339,B018,Retail,2025-06-11
CUST00340,B008,SME,2024-03-20
CUST00341,B008,SME,2025-04-27
CUST00342,B014,Retail,2025-04-07
CUST00343,B015,Retail,2024-02-24
CUST00344,B001,Retail,2024-01-04
CUST00345,B002,Affluent,2023-10-26
CUST00346,B012,Affluent,2025-01-04
CUST00347,B008,SME,2023-07-09
CUST00348,B019,SME,2024-10-26
CUST00349,B006,Retail,2025-05-21
CUST00350,B020,Affluent,2024-06-23
CUST00351,B016,SME,2025-01-09
CUST00352,B008,Affluent,2024-05-27
CUST00353,B015,Affluent,2025-10-10
CUST00354,B015,Affluent,2022-10-06
CUST00355,B006,Retail,2023-05-09
CUST00356,B012,SME,2024-02-25
CUST00357,B014,SME,2024-06-04
CUST00358,B015,Affluent,2024-09-17
CUST00359,B013,Affluent,2025-03-25
CUST00360,B008,Affluent,2023-10-25
CUST00361,B019,Affluent,2024-03-04
CUST00362,B001,SME,2023-08-11
CUST00363,B009,Retail,2025-07-21
CUST00364,B020,SME,2023-01-16
CUST00365,B010,Retail,2023-11-08
CUST00366,B008,SME,2024-10-05
CUST00367,B020,Affluent,2025-01-22
CUST00368,B004,SME,2025-08-10
CUST00369,B010,Affluent,2025-08-22
CUST00370,B019,Affluent,2025-02-02
CUST00371,B003,Affluent,2023-12-30
CUST00372,B014,Retail,2024-09-13
CUST00373,B005,SME,2023-10-11
CUST00374,B017,SME,2024-04-19
CUST00375,B006,Affluent,2023-02-16
CUST00376,B010,SME,2023-12-06
CUST00377,B004,Affluent,2025-05-28
CUST00378,B005,Retail,2023-08-08
CUST00379,B018,Affluent,2025-04-28
CUST00380,B013,Retail,2024-05-06
CUST00381,B018,Retail,2023-04-12
CUST00382,B012,SME,2024-05-11
CUST00383,B019,Affluent,2023-09-30
CUST00384,B004,SME,2024-07-08
CUST00385,B016,Retail,2023-12-28
CUST00386,B020,Retail,2025-06-22
CUST00387,B015,SME,2024-02-19
CUST00388,B014,Retail,2025-01-16
CUST00389,B002,Retail,2024-02-14
CUST00390,B016,Retail,2025-04-13
CUST00391,B008,SME,2025-01-25
CUST00392,B013,Affluent,2023-10-01
CUST00393,B018,Affluent,2024-12-17
CUST00394,B014,SME,2025-04-10
CUST00395,B016,SME,2023-07-17
CUST00396,B009,Retail,2023-10-02
CUST00397,B007,Affluent,2023-05-03
CUST00398,B008,Affluent,2025-04-09
CUST00399,B012,SME,2023-10-26
CUST00400,B002,Affluent,2024-04-12
CUST00401,B007,Retail,2023-04-12
CUST00402,B003,SME,2024-08-21
CUST00403,B020,Retail,2025-07-18
CUST00404,B011,Retail,2025-02-14
CUST00405,B019,Retail,2025-06-11
CUST00406,B018,Retail,2024-08-13
CUST00407,B008,Affluent,2024-12-31
CUST00408,B020,Retail,2024-04-10
CUST00409,B005,Retail,2022-10-19
CUST00410,B009,Retail,2025-03-18
CUST00411,B001,Retail,2025-09-29
CUST00412,B012,Retail,2024-01-05
CUST00413,B001,Retail,2024-05-04
CUST00414,B002,Retail,2023-06-20
CUST00415,B017,Retail,2025-06-21
CUST00416,B016,Affluent,2023-10-19
CUST00417,B017,SME,2025-03-20
CUST00418,B015,SME,2024-08-02
CUST00419,B020,Retail,2022-11-27
CUST00420,B010,Affluent,2025-08-27
CUST00421,B002,Affluent,2023-07-30
CUST00422,B014,SME,2025-03-22
CUST00423,B016,SME,2023-05-05
CUST00424,B003,Retail,2024-01-09
CUST00425,B020,Retail,2025-06-17
CUST00426,B005,Affluent,2022-10-02
CUST00427,B011,Affluent,2022-11-08
CUST00428,B010,Affluent,2022-12-29
CUST00429,B020,Affluent,2025-04-09
CUST00430,B004,SME,2022-09-26
CUST00431,B007,Affluent,2023-04-19
CUST00432,B008,Affluent,2023-12-05
CUST00433,B015,Affluent,2023-07-01
CUST00434,B004,Affluent,2023-06-08
CUST00435,B011,SME,2024-05-25
CUST00436,B012,Retail,2023-03-03
CUST00437,B003,Retail,2025-05-08
CUST00438,B003,Affluent,2025-04-15
CUST00439,B012,Retail,2022-09-16
CUST00440,B002,SME,2023-12-24
CUST00441,B004,Affluent,2023-11-05
CUST00442,B014,SME,2025-07-16
CUST00443,B010,SME,2024-01-29
CUST00444,B012,Retail,2022-12-25
CUST00445,B007,Retail,2023-02-15
CUST00446,B008,Retail,2023-11-12
CUST00447,B018,Affluent,2025-03-08
CUST00448,B009,SME,2024-07-23
CUST00449,B014,SME,2022-09-15
CUST00450,B001,SME,2024-04-30
CUST00451,B001,Retail,2024-04-18
CUST00452,B010,Affluent,2023-11-11
CUST00453,B001,Retail,2025-01-09
CUST00454,B019,SME,2023-08-01
CUST00455,B003,Retail,2025-08-28
CUST00456,B003,SME,2022-11-08
CUST00457,B007,Affluent,2023-06-23
CUST00458,B015,Affluent,2024-12-11
CUST00459,B012,Affluent,2024-01-04
CUST00460,B019,SME,2025-05-09
CUST00461,B002,Retail,2024-12-11
CUST00462,B020,Retail,2025-05-15
CUST00463,B009,Affluent,2023-06-14
CUST00464,B016,SME,2023-05-08
CUST00465,B014,Affluent,2024-08-14
CUST00466,B017,Retail,2023-11-23
CUST00467,B014,Retail,2024-03-28
CUST00468,B019,Affluent,2022-11-15
CUST00469,B010,Retail,2024-08-04
CUST00470,B013,SME,2025-07-09
CUST00471,B001,Retail,2024-02-20
CUST00472,B007,Retail,2024-05-24
CUST00473,B010,Affluent,2025-02-26
CUST00474,B001,Affluent,2023-06-01
CUST00475,B006,Retail,2023-09-12
CUST00476,B018,SME,2024-07-15
CUST00477,B017,SME,2023-11-04
CUST00478,B003,Affluent,2025-08-04
CUST00479,B014,Retail,2023-04-02
CUST00480,B003,Affluent,2023-06-03
CUST00481,B019,Affluent,2023-06-27
CUST00482,B010,Retail,2023-07-23
CUST00483,B001,Affluent,2024-11-12
CUST00484,B020,Affluent,2023-10-19
CUST00485,B003,Affluent,2025-03-27
CUST00486,B008,Affluent,2023-08-01
CUST00487,B017,Retail,2023-08-11
CUST00488,B010,SME,2023-12-04
CUST00489,B008,Affluent,2024-11-19
CUST00490,B003,SME,2025-03-10
CUST00491,B017,SME,2024-09-27
CUST00492,B012,Affluent,2024-12-31
CUST00493,B008,Retail,2025-01-03
CUST00494,B009,Retail,2024-11-08
CUST00495,B020,Retail,2025-05-28
CUST00496,B006,SME,2023-01-22
CUST00497,B015,SME,2023-04-24
CUST00498,B019,SME,2024-01-07
CUST00499,B011,Retail,2023-05-13
CUST00500,B003,Affluent,2023-05-08
CUST00501,B010,Affluent,2025-07-06
CUST00502,B012,SME,2025-05-31
CUST00503,B010,Affluent,2023-04-18
CUST00504,B002,Retail,2023-10-05
CUST00505,B010,Retail,2025-04-28
CUST00506,B020,SME,2022-12-26
CUST00507,B013,Affluent,2022-09-20
CUST00508,B002,Affluent,2024-10-09
CUST00509,B011,SME,2023-02-28
CUST00510,B017,Retail,2025-06-25
CUST00511,B015,Retail,2023-11-26
CUST00512,B003,SME,2024-11-10
CUST00513,B002,Retail,2023-05-17
CUST00514,B015,SME,2022-11-24
CUST00515,B020,Retail,2023-10-15
CUST00516,B012,Affluent,2023-08-28
CUST00517,B014,Affluent,2025-07-14
CUST00518,B011,Retail,2023-12-24
CUST00519,B004,SME,2023-08-30
CUST00520,B010,Affluent,2024-12-26
CUST00521,B011,Retail,2025-01-13
CUST00522,B012,Affluent,2023-08-19
CUST00523,B005,SME,2025-05-09
CUST00524,B010,SME,2023-09-19
CUST00525,B011,Retail,2022-11-16
CUST00526,B003,SME,2023-06-15
CUST00527,B017,Affluent,2025-09-22
CUST00528,B012,Affluent,2024-10-25
CUST00529,B007,Affluent,2023-02-07
CUST00530,B007,Retail,2025-01-21
CUST00531,B005,Retail,2024-03-03
CUST00532,B004,SME,2022-10-20
CUST00533,B017,Retail,2023-12-10
CUST00534,B020,Retail,2023-09-19
CUST00535,B005,Retail,2024-10-24
CUST00536,B020,Retail,2023-05-17
CUST00537,B002,Affluent,2023-10-14
CUST00538,B008,Affluent,2024-03-25
CUST00539,B015,Retail,2022-11-01
CUST00540,B008,Affluent,2023-03-14
CUST00541,B007,Affluent,2023-05-11
CUST00542,B015,Affluent,2023-09-08
CUST00543,B017,SME,2023-06-25
CUST00544,B006,Retail,2025-01-19
CUST00545,B009,Retail,2023-02-18
CUST00546,B012,SME,2025-04-02
CUST00547,B017,Retail,2024-03-25
CUST00548,B003,Retail,2024-04-19
CUST00549,B015,SME,2025-01-01
CUST00550,B014,Retail,2024-08-01
CUST00551,B015,Affluent,2025-09-05
CUST00552,B014,Retail,2023-08-10
CUST00553,B017,Affluent,2024-07-04
CUST00554,B013,Retail,2023-09-23
CUST00555,B008,Retail,2024-01-16
CUST00556,B004,SME,2023-12-13
CUST00557,B005,Retail,2025-08-12
CUST00558,B010,Affluent,2025-01-18
CUST00559,B016,Affluent,2025-10-19
CUST00560,B003,Retail,2024-05-23
CUST00561,B007,Retail,2022-10-02
CUST00562,B020,SME,2023-06-16
CUST00563,B004,Affluent,2024-06-30
CUST00564,B010,Retail,2025-07-24
CUST00565,B008,Affluent,2023-04-07
CUST00566,B003,Retail,2023-01-10
CUST00567,B020,SME,2025-09-26
CUST00568,B017,SME,2024-06-21
CUST00569,B005,Affluent,2023-06-03
CUST00570,B001,SME,2023-11-07
CUST00571,B008,SME,2023-06-29
CUST00572,B006,SME,2025-05-07
CUST00573,B017,Affluent,2025-06-13
CUST00574,B017,SME,2022-12-25
CUST00575,B017,SME,2025-09-18
CUST00576,B013,Affluent,2025-08-01
CUST00577,B013,Affluent,2024-05-28
CUST00578,B001,Affluent,2025-06-13
CUST00579,B012,Retail,2025-03-31
CUST00580,B019,SME,2023-12-19
CUST00581,B005,Retail,2023-11-08
CUST00582,B018,Affluent,2024-11-05
CUST00583,B015,SME,2023-02-22
CUST00584,B006,Retail,2025-06-22
CUST00585,B015,Retail,2024-03-08
CUST00586,B007,Retail,2024-09-16
CUST00587,B002,Affluent,2024-02-02
CUST00588,B017,Affluent,2022-10-13
CUST00589,B016,Affluent,2025-08-16
CUST00590,B007,Affluent,2023-10-29
CUST00591,B002,SME,2023-12-20
CUST00592,B009,Retail,2023-10-07
CUST00593,B014,Affluent,2023-05-13
CUST00594,B013,Affluent,2024-10-12
CUST00595,B016,SME,2023-01-15
CUST00596,B012,SME,2024-05-01
CUST00597,B003,SME,2023-06-13
CUST00598,B003,Affluent,2024-10-25
CUST00599,B018,Affluent,2024-01-11
CUST00600,B004,Retail,2023-12-28
CUST00601,B010,Affluent,2023-04-30
CUST00602,B020,SME,2023-06-10
CUST00603,B006,SME,2023-05-04
CUST00604,B012,Affluent,2025-08-04
CUST00605,B012,SME,2023-05-23
CUST00606,B009,SME,2025-07-04
CUST00607,B003,SME,2023-07-21
CUST00608,B012,SME,2024-12-06
CUST00609,B001,Retail,2023-05-16
CUST00610,B002,Retail,2025-06-14
CUST00611,B008,SME,2023-10-10
CUST00612,B012,Affluent,2025-08-24
CUST00613,B020,Retail,2023-04-22
CUST00614,B012,Affluent,2023-05-04
CUST00615,B003,SME,2025-01-21
CUST00616,B017,Affluent,2023-08-06
CUST00617,B011,SME,2024-04-07
CUST00618,B008,Retail,2025-09-06
CUST00619,B006,Affluent,2022-12-04
CUST00620,B013,SME,2025-03-02
CUST00621,B009,Affluent,2023-04-30
CUST00622,B007,SME,2024-03-24
CUST00623,B016,Retail,2025-02-20
CUST00624,B005,Retail,2023-04-18
CUST00625,B006,SME,2023-05-02
CUST00626,B003,SME,2024-01-14
CUST00627,B012,SME,2025-06-19
CUST00628,B018,SME,2024-03-14
CUST00629,B010,Retail,2024-11-07
CUST00630,B012,SME,2024-07-27
CUST00631,B004,Retail,2025-01-18
CUST00632,B008,Affluent,2025-09-06
CUST00633,B012,SME,2023-10-05
CUST00634,B015,SME,2025-02-06
CUST00635,B020,Retail,2025-06-17
CUST00636,B010,Affluent,2023-02-22
CUST00637,B017,Affluent,2023-07-14
CUST00638,B019,Retail,2025-02-15
CUST00639,B011,SME,2025-05-31
CUST00640,B015,Affluent,2022-12-05
CUST00641,B012,Retail,2022-09-26
CUST00642,B019,Retail,2025-02-07
CUST00643,B014,SME,2025-07-08
CUST00644,B004,SME,2024-12-20
CUST00645,B010,Retail,2024-12-02
CUST00646,B011,SME,2024-07-25
CUST00647,B012,SME,2024-03-27
CUST00648,B003,Affluent,2024-09-22
CUST00649,B018,Affluent,2025-02-15
CUST00650,B010,SME,2022-11-02
CUST00651,B003,SME,2024-11-18
CUST00652,B019,SME,2024-12-18
CUST00653,B006,SME,2023-12-08
CUST00654,B019,Retail,2025-09-01
CUST00655,B003,Retail,2024-05-05
CUST00656,B007,SME,2023-06-29
CUST00657,B020,SME,2025-08-28
CUST00658,B016,SME,2022-10-08
CUST00659,B010,SME,2024-02-19
CUST00660,B016,Retail,2023-07-21
CUST00661,B010,Affluent,2025-06-02
CUST00662,B002,Retail,2023-05-13
CUST00663,B014,Affluent,2023-03-23
CUST00664,B007,Affluent,2025-01-08
CUST00665,B011,SME,2024-01-15
CUST00666,B012,Affluent,2025-02-04
CUST00667,B012,SME,2025-03-26
CUST00668,B011,Retail,2023-03-19
CUST00669,B004,Affluent,2023-04-23
CUST00670,B008,Retail,2025-04-14
CUST00671,B002,Affluent,2023-09-04
CUST00672,B020,Affluent,2024-06-08
CUST00673,B006,Affluent,2024-01-28
CUST00674,B007,Retail,2023-01-13
CUST00675,B017,Affluent,2023-01-12
CUST00676,B010,Affluent,2025-09-12
CUST00677,B003,Affluent,2022-12-29
CUST00678,B015,Retail,2024-08-15
CUST00679,B019,Affluent,2025-07-22
CUST00680,B002,Affluent,2023-01-20
CUST00681,B020,SME,2023-03-11
CUST00682,B010,SME,2025-10-13
CUST00683,B004,Affluent,2025-01-28
CUST00684,B009,SME,2023-10-11
CUST00685,B013,Affluent,2025-07-29
CUST00686,B013,Retail,2024-09-26
CUST00687,B012,SME,2024-03-17
CUST00688,B003,Affluent,2023-01-01
CUST00689,B015,SME,2024-04-05
CUST00690,B020,SME,2025-02-28
CUST00691,B005,Retail,2023-08-15
CUST00692,B012,Affluent,2023-10-12
CUST00693,B005,Retail,2022-12-22
CUST00694,B013,SME,2025-08-08
CUST00695,B002,Retail,2025-01-22
CUST00696,B011,Affluent,2022-12-01
CUST00697,B015,Retail,2022-12-09
CUST00698,B005,Affluent,2024-01-16
CUST00699,B006,Affluent,2024-02-25
CUST00700,B019,Affluent,2022-12-26
CUST00701,B017,SME,2023-01-30
CUST00702,B019,Affluent,2023-03-02
CUST00703,B001,Affluent,2023-12-21
CUST00704,B004,Affluent,2024-02-07
CUST00705,B001,SME,2023-03-03
CUST00706,B009,SME,2024-07-20
CUST00707,B002,SME,2023-02-19
CUST00708,B006,SME,2023-09-12
CUST00709,B005,SME,2024-06-20
CUST00710,B002,SME,2025-03-18
CUST00711,B007,Retail,2023-05-10
CUST00712,B011,Affluent,2024-12-23
CUST00713,B014,SME,2024-09-07
CUST00714,B014,SME,2023-03-09
CUST00715,B002,SME,2025-01-20
CUST00716,B017,Retail,2024-01-03
CUST00717,B016,SME,2023-09-19
CUST00718,B011,Retail,2023-04-02
CUST00719,B018,Affluent,2022-10-07
CUST00720,B012,SME,2024-05-06
CUST00721,B020,Affluent,2024-10-01
CUST00722,B008,Affluent,2024-02-26
CUST00723,B008,Affluent,2024-03-17
CUST00724,B007,SME,2023-02-01
CUST00725,B011,Affluent,2023-11-15
CUST00726,B018,SME,2024-04-17
CUST00727,B010,Retail,2022-10-13
CUST00728,B013,Affluent,2023-11-23
CUST00729,B005,Affluent,2025-08-04
CUST00730,B010,SME,2025-05-21
CUST00731,B012,Affluent,2024-05-22
CUST00732,B016,Retail,2024-09-11
CUST00733,B018,Affluent,2024-04-21
CUST00734,B005,Retail,2024-06-26
CUST00735,B008,Retail,2022-11-07
CUST00736,B008,SME,2024-07-10
CUST00737,B002,Retail,2023-07-06
CUST00738,B011,SME,2023-03-07
CUST00739,B004,SME,2025-01-21
CUST00740,B001,SME,2024-12-10
CUST00741,B014,SME,2023-02-28
CUST00742,B016,SME,2024-09-16
CUST00743,B010,Affluent,2024-03-24
CUST00744,B002,Retail,2024-07-11
CUST00745,B018,SME,2025-08-14
CUST00746,B006,Affluent,2024-11-03
CUST00747,B002,Affluent,2023-01-19
CUST00748,B006,SME,2024-03-16
CUST00749,B002,Retail,2024-02-26
CUST00750,B019,SME,2025-03-24
CUST00751,B011,Affluent,2023-04-13
CUST00752,B018,SME,2023-01-22
CUST00753,B005,SME,2023-03-16
CUST00754,B009,Retail,2025-03-13
CUST00755,B011,Retail,2023-04-04
CUST00756,B009,SME,2024-10-13
CUST00757,B001,SME,2023-12-09
CUST00758,B010,SME,2024-09-29
CUST00759,B006,SME,2023-07-22
CUST00760,B014,SME,2023-12-28
CUST00761,B003,Affluent,2025-04-17
CUST00762,B006,Retail,2023-02-25
CUST00763,B011,Retail,2025-10-16
CUST00764,B009,Affluent,2024-07-04
CUST00765,B015,Affluent,2023-12-24
CUST00766,B010,SME,2025-10-06
CUST00767,B009,SME,2023-10-24
CUST00768,B008,Retail,2025-03-01
CUST00769,B015,Affluent,2024-12-06
CUST00770,B013,SME,2023-01-04
CUST00771,B010,SME,2025-03-03
CUST00772,B010,Affluent,2024-08-03
CUST00773,B008,Retail,2023-02-23
CUST00774,B005,Affluent,2023-09-25
CUST00775,B014,SME,2022-10-01
CUST00776,B016,SME,2024-08-08
CUST00777,B008,SME,2025-05-15
CUST00778,B017,Affluent,2022-11-13
CUST00779,B012,Retail,2025-03-14
CUST00780,B002,SME,2022-12-29
CUST00781,B007,SME,2022-10-26
CUST00782,B005,Retail,2023-12-28
CUST00783,B017,Affluent,2025-03-05
CUST00784,B007,SME,2023-02-01
CUST00785,B003,SME,2023-05-01
CUST00786,B002,Affluent,2025-02-01
CUST00787,B017,Affluent,2023-04-08
CUST00788,B019,Retail,2023-03-28
CUST00789,B010,SME,2025-09-15
CUST00790,B013,Affluent,2025-10-23
CUST00791,B007,SME,2025-06-02
CUST00792,B002,Affluent,2023-11-24
CUST00793,B003,SME,2025-06-28
CUST00794,B003,Affluent,2025-08-26
CUST00795,B010,Affluent,2024-10-26
CUST00796,B005,SME,2023-06-22
CUST00797,B012,Affluent,2023-04-25
CUST00798,B013,Affluent,2025-05-18
CUST00799,B018,Retail,2023-11-17
CUST00800,B004,Retail,2022-10-25
CUST00801,B013,SME,2025-02-11
CUST00802,B008,Retail,2025-09-13
CUST00803,B010,Affluent,2022-10-10
CUST00804,B014,SME,2023-09-14
CUST00805,B008,Retail,2023-03-31
CUST00806,B012,Retail,2024-04-13
CUST00807,B007,SME,2025-03-12
CUST00808,B002,SME,2023-06-24
CUST00809,B020,Retail,2024-06-24
CUST00810,B007,Retail,2025-04-06
CUST00811,B020,Retail,2023-04-29
CUST00812,B020,SME,2025-07-22
CUST00813,B008,SME,2025-07-31
CUST00814,B013,Affluent,2024-07-07
CUST00815,B018,Retail,2025-07-06
CUST00816,B005,SME,2024-03-16
CUST00817,B008,SME,2024-01-15
CUST00818,B019,SME,2024-01-12
CUST00819,B008,Affluent,2025-01-09
CUST00820,B017,Retail,2023-07-06
CUST00821,B010,Affluent,2025-06-27
CUST00822,B018,SME,2024-11-05
CUST00823,B014,SME,2023-01-18
CUST00824,B002,Affluent,2023-09-10
CUST00825,B017,Affluent,2023-06-30
CUST00826,B014,Retail,2024-02-23
CUST00827,B013,Retail,2022-10-24
CUST00828,B016,Retail,2024-07-25
CUST00829,B010,SME,2025-01-07
CUST00830,B015,Retail,2023-07-07
CUST00831,B014,SME,2022-11-09
CUST00832,B005,Affluent,2024-06-19
CUST00833,B009,Retail,2023-12-23
CUST00834,B003,Affluent,2023-10-01
CUST00835,B003,SME,2024-10-04
CUST00836,B002,Affluent,2023-09-18
CUST00837,B020,SME,2025-08-10
CUST00838,B003,Retail,2024-08-11
CUST00839,B016,Retail,2023-12-18
CUST00840,B010,Retail,2024-08-22
CUST00841,B007,SME,2025-03-03
CUST00842,B016,Retail,2024-09-06
CUST00843,B013,Retail,2022-09-25
CUST00844,B011,Affluent,2023-09-11
CUST00845,B015,SME,2023-10-25
CUST00846,B010,Affluent,2023-10-24
CUST00847,B017,Affluent,2023-03-20
CUST00848,B004,SME,2023-03-13
CUST00849,B011,Retail,2023-10-01
CUST00850,B011,Affluent,2025-07-28
CUST00851,B019,Retail,2025-01-04
CUST00852,B001,Affluent,2022-09-22
CUST00853,B019,SME,2023-06-27
CUST00854,B010,Retail,2024-09-23
CUST00855,B011,Retail,2023-09-13
CUST00856,B019,Retail,2023-01-11
CUST00857,B018,SME,2023-12-08
CUST00858,B009,Affluent,2023-01-29
CUST00859,B015,Retail,2023-11-08
CUST00860,B006,Retail,2022-10-06
CUST00861,B016,Retail,2022-10-15
CUST00862,B002,SME,2025-08-21
CUST00863,B003,SME,2025-07-22
CUST00864,B001,Affluent,2025-01-21
CUST00865,B008,Retail,2024-12-24
CUST00866,B001,Retail,2022-12-29
CUST00867,B015,Affluent,2025-06-28
CUST00868,B020,SME,2023-02-13
CUST00869,B016,Retail,2025-10-16
CUST00870,B018,SME,2023-07-10
CUST00871,B001,Retail,2022-11-10
CUST00872,B009,SME,2024-03-21
CUST00873,B001,SME,2023-06-01
CUST00874,B006,Retail,2025-04-15
CUST00875,B017,Retail,2024-06-23
CUST00876,B007,SME,2022-11-16
CUST00877,B009,Affluent,2024-04-30
CUST00878,B013,Retail,2023-09-26
CUST00879,B013,Affluent,2024-06-18
CUST00880,B008,Affluent,2025-05-17
CUST00881,B002,Retail,2023-07-22
CUST00882,B013,Affluent,2022-09-24
CUST00883,B016,Retail,2025-10-10
CUST00884,B006,Retail,2023-01-10
CUST00885,B014,SME,2023-12-21
CUST00886,B019,Retail,2022-11-13
CUST00887,B002,Retail,2024-08-23
CUST00888,B019,Affluent,2024-04-22
CUST00889,B002,Retail,2024-04-03
CUST00890,B018,SME,2025-08-23
CUST00891,B006,Affluent,2025-09-27
CUST00892,B007,SME,2025-01-07
CUST00893,B013,Retail,2024-02-25
CUST00894,B006,SME,2024-06-24
CUST00895,B019,Affluent,2022-10-18
CUST00896,B011,Affluent,2025-01-16
CUST00897,B003,SME,2023-11-21
CUST00898,B002,Retail,2023-05-18
CUST00899,B008,Retail,2023-12-02
CUST00900,B020,SME,2023-08-09
CUST00901,B011,Retail,2024-04-18
CUST00902,B015,Affluent,2024-07-19
CUST00903,B012,SME,2023-09-22
CUST00904,B014,Retail,2023-09-12
CUST00905,B003,SME,2024-03-04
CUST00906,B008,SME,2025-06-01
CUST00907,B003,Affluent,2024-12-18
CUST00908,B013,SME,2024-12-18
CUST00909,B013,Affluent,2023-10-22
CUST00910,B004,Retail,2025-10-19
CUST00911,B010,Affluent,2023-10-23
CUST00912,B009,Retail,2025-01-31
CUST00913,B003,Retail,2023-05-31
CUST00914,B015,SME,2022-09-19
CUST00915,B017,Affluent,2025-04-01
CUST00916,B001,Retail,2023-11-05
CUST00917,B018,Retail,2024-01-04
CUST00918,B013,Retail,2024-03-11
CUST00919,B014,Affluent,2025-05-09
CUST00920,B018,Retail,2022-11-27
CUST00921,B006,SME,2023-09-11
CUST00922,B006,Retail,2024-04-27
CUST00923,B010,Affluent,2023-01-24
CUST00924,B005,Retail,2024-11-21
CUST00925,B014,Affluent,2023-06-20
CUST00926,B010,Affluent,2025-05-25
CUST00927,B012,Affluent,2024-06-11
CUST00928,B016,SME,2024-09-24
CUST00929,B015,Retail,2025-01-25
CUST00930,B010,Retail,2023-08-11
CUST00931,B011,SME,2023-09-12
CUST00932,B011,Affluent,2023-12-14
CUST00933,B014,SME,2025-01-24
CUST00934,B010,Affluent,2024-09-13
CUST00935,B016,Affluent,2024-10-31
CUST00936,B013,Affluent,2024-03-12
CUST00937,B016,SME,2024-06-20
CUST00938,B011,Affluent,2024-04-03
CUST00939,B013,Affluent,2025-03-10
CUST00940,B019,Retail,2022-10-08
CUST00941,B006,SME,2022-09-29
CUST00942,B001,SME,2023-03-29
CUST00943,B007,Affluent,2024-03-12
CUST00944,B003,Affluent,2023-01-11
CUST00945,B005,SME,2024-02-17
CUST00946,B008,Affluent,2024-12-18
CUST00947,B014,Affluent,2025-05-31
CUST00948,B015,SME,2023-02-21
CUST00949,B019,Affluent,2022-10-31
CUST00950,B017,SME,2023-06-26
CUST00951,B018,Retail,2023-10-24
CUST00952,B018,SME,2025-05-08
CUST00953,B004,Retail,2023-11-02
CUST00954,B006,SME,2025-07-31
CUST00955,B019,SME,2023-08-03
CUST00956,B011,Affluent,2025-03-27
CUST00957,B001,Retail,2024-05-18
CUST00958,B008,SME,2022-12-02
CUST00959,B018,SME,2024-08-03
CUST00960,B015,Affluent,2023-08-20
CUST00961,B015,SME,2023-01-09
CUST00962,B005,Affluent,2025-09-09
CUST00963,B016,Retail,2024-03-03
CUST00964,B014,Retail,2025-03-06
CUST00965,B005,Affluent,2024-01-30
CUST00966,B011,Affluent,2024-09-01
CUST00967,B017,Affluent,2023-11-16
CUST00968,B016,Retail,2023-05-16
CUST00969,B015,Affluent,2025-06-14
CUST00970,B010,Retail,2025-03-08
CUST00971,B001,Affluent,2025-03-20
CUST00972,B006,SME,2024-06-17
CUST00973,B017,Retail,2022-09-25
CUST00974,B006,Affluent,2023-06-09
CUST00975,B015,Retail,2023-07-23
CUST00976,B006,Retail,2023-05-28
CUST00977,B013,Retail,2024-09-20
CUST00978,B015,SME,2023-06-03
CUST00979,B013,Retail,2024-08-16
CUST00980,B007,Affluent,2025-06-23
CUST00981,B019,Retail,2022-10-26
CUST00982,B006,Affluent,2024-01-01
CUST00983,B007,Affluent,2025-03-10
CUST00984,B009,SME,2023-01-31
CUST00985,B017,SME,2024-01-27
CUST00986,B020,Affluent,2023-08-18
CUST00987,B019,Retail,2023-11-17
CUST00988,B012,Affluent,2024-11-10
CUST00989,B010,SME,2025-05-09
CUST00990,B005,Affluent,2025-03-02
CUST00991,B008,Affluent,2025-03-04
CUST00992,B006,Affluent,2025-01-13
CUST00993,B017,Affluent,2023-06-26
CUST00994,B020,Retail,2023-09-05
CUST00995,B014,Retail,2023-02-06
CUST00996,B018,SME,2024-11-09
CUST00997,B018,Retail,2023-01-31
CUST00998,B010,Retail,2024-10-11
CUST00999,B011,Affluent,2025-07-12
CUST01000,B012,Retail,2023-02-10
CUST01001,B005,Retail,2023-09-04
CUST01002,B018,SME,2023-01-20
CUST01003,B014,SME,2023-01-26
CUST01004,B014,SME,2023-05-04
CUST01005,B016,Retail,2025-05-13
CUST01006,B019,Retail,2024-08-04
CUST01007,B010,Retail,2024-04-15
CUST01008,B008,SME,2024-03-17
CUST01009,B006,Affluent,2023-01-19
CUST01010,B018,SME,2025-03-12
CUST01011,B019,Retail,2024-04-29
CUST01012,B018,Affluent,2022-10-15
CUST01013,B002,SME,2023-05-10
CUST01014,B018,Retail,2023-06-12
CUST01015,B004,SME,2024-06-10
CUST01016,B010,Retail,2023-04-22
CUST01017,B009,Affluent,2025-05-04
CUST01018,B015,Retail,2024-07-01
CUST01019,B007,SME,2023-11-11
CUST01020,B020,SME,2023-06-06
CUST01021,B006,SME,2025-01-17
CUST01022,B007,Retail,2025-06-30
CUST01023,B019,Affluent,2022-11-04
CUST01024,B009,SME,2022-10-22
CUST01025,B006,Affluent,2024-03-09
CUST01026,B010,SME,2024-04-30
CUST01027,B017,SME,2025-04-17
CUST01028,B005,Affluent,2025-06-30
CUST01029,B009,SME,2025-02-12
CUST01030,B005,Retail,2025-01-03
CUST01031,B011,Retail,2023-08-17
CUST01032,B016,Retail,2024-04-27
CUST01033,B014,Affluent,2023-04-18
CUST01034,B003,SME,2025-04-22
CUST01035,B013,SME,2024-04-08
CUST01036,B012,Affluent,2023-02-03
CUST01037,B011,SME,2025-10-24
CUST01038,B003,SME,2023-04-05
CUST01039,B012,Retail,2022-10-31
CUST01040,B013,Retail,2023-06-03
CUST01041,B007,Affluent,2024-04-28
CUST01042,B011,Affluent,2023-12-08
CUST01043,B018,SME,2025-02-04
CUST01044,B019,Affluent,2023-11-26
CUST01045,B002,Retail,2025-04-09
CUST01046,B015,Retail,2025-02-17
CUST01047,B006,Affluent,2023-04-09
CUST01048,B001,Affluent,2024-09-10
CUST01049,B005,SME,2024-02-19
CUST01050,B006,Affluent,2025-04-21
CUST01051,B012,Affluent,2025-05-14
CUST01052,B012,SME,2024-11-25
CUST01053,B002,Affluent,2024-02-12
CUST01054,B008,Affluent,2025-04-26
CUST01055,B004,Retail,2024-08-18
CUST01056,B016,Retail,2025-01-31
CUST01057,B019,Retail,2022-12-01
CUST01058,B015,Retail,2025-10-13
CUST01059,B011,Retail,2023-06-18
CUST01060,B005,Affluent,2025-06-06
CUST01061,B008,Affluent,2025-04-30
CUST01062,B004,Retail,2024-01-27
CUST01063,B012,Affluent,2025-01-22
CUST01064,B013,Retail,2025-01-10
CUST01065,B003,SME,2025-10-12
CUST01066,B020,SME,2024-11-27
CUST01067,B015,Affluent,2024-08-19
CUST01068,B005,Affluent,2023-05-07
CUST01069,B007,Retail,2025-04-07
CUST01070,B005,Retail,2023-09-04
CUST01071,B012,Affluent,2024-01-24
CUST01072,B005,Retail,2024-04-10
CUST01073,B003,Retail,2022-09-22
CUST01074,B020,SME,2024-03-25
CUST01075,B001,SME,2024-02-20
CUST01076,B007,SME,2022-12-21
CUST01077,B007,SME,2023-08-19
CUST01078,B010,SME,2025-07-10
CUST01079,B008,Affluent,2023-08-31
CUST01080,B004,Retail,2023-01-10
CUST01081,B020,Retail,2022-11-13
CUST01082,B001,Affluent,2024-01-20
CUST01083,B005,Affluent,2023-06-21
CUST01084,B012,SME,2024-11-10
CUST01085,B016,Retail,2025-09-25
CUST01086,B019,Retail,2025-10-01
CUST01087,B009,Retail,2025-08-09
CUST01088,B002,Affluent,2022-12-27
CUST01089,B010,SME,2023-01-07
CUST01090,B014,Affluent,2023-07-29
CUST01091,B003,SME,2022-10-27
CUST01092,B018,SME,2024-12-21
CUST01093,B009,Retail,2024-02-03
CUST01094,B003,SME,2024-09-08
CUST01095,B005,SME,2023-12-30
CUST01096,B013,SME,2025-06-16
CUST01097,B010,SME,2023-05-18
CUST01098,B008,Retail,2024-06-16
CUST01099,B003,Affluent,2025-03-06
CUST01100,B015,SME,2025-07-09
CUST01101,B010,SME,2024-11-04
CUST01102,B004,Retail,2025-01-21
CUST01103,B001,Retail,2023-01-17
CUST01104,B012,SME,2022-12-05
CUST01105,B009,Retail,2023-09-29
CUST01106,B005,SME,2024-04-27
CUST01107,B004,Retail,2023-12-13
CUST01108,B014,Affluent,2022-11-22
CUST01109,B003,Affluent,2025-05-25
CUST01110,B016,Affluent,2022-12-18
CUST01111,B012,Retail,2023-01-10
CUST01112,B019,Retail,2023-10-07
CUST01113,B006,Affluent,2025-04-02
CUST01114,B019,SME,2025-03-07
CUST01115,B008,SME,2022-12-22
CUST01116,B001,Retail,2025-10-04
CUST01117,B008,Retail,2023-03-08
CUST01118,B012,Affluent,2024-12-26
CUST01119,B006,Retail,2022-09-23
CUST01120,B014,Retail,2024-01-09
CUST01121,B008,Affluent,2024-01-13
CUST01122,B009,Retail,2023-09-27
CUST01123,B004,SME,2025-07-14
CUST01124,B006,Retail,2022-12-08
CUST01125,B002,Affluent,2025-06-10
CUST01126,B015,Affluent,2024-02-01
CUST01127,B011,Retail,2022-09-23
CUST01128,B015,Retail,2023-10-05
CUST01129,B007,Affluent,2024-02-15
CUST01130,B020,Retail,2023-03-24
CUST01131,B012,SME,2023-01-23
CUST01132,B007,SME,2022-10-06
CUST01133,B008,Retail,2025-10-16
CUST01134,B014,Retail,2024-07-09
CUST01135,B018,Affluent,2025-10-10
CUST01136,B011,Retail,2023-09-20
CUST01137,B010,Retail,2024-09-04
CUST01138,B017,Retail,2023-06-23
CUST01139,B016,Retail,2025-01-11
CUST01140,B009,Retail,2025-08-01
CUST01141,B008,SME,2023-07-07
CUST01142,B012,Affluent,2025-05-09
CUST01143,B019,Retail,2022-12-29
CUST01144,B005,SME,2023-08-14
CUST01145,B003,SME,2025-06-24
CUST01146,B014,SME,2025-02-04
CUST01147,B008,Affluent,2024-05-13
CUST01148,B011,Affluent,2023-12-31
CUST01149,B011,Affluent,2024-04-21
CUST01150,B008,Retail,2024-09-09
CUST01151,B005,SME,2025-03-20
CUST01152,B005,Retail,2024-11-27
CUST01153,B015,Affluent,2024-01-25
CUST01154,B014,Retail,2022-10-28
CUST01155,B012,Retail,2023-04-18
CUST01156,B010,Affluent,2024-05-05
CUST01157,B004,Retail,2024-12-11
CUST01158,B010,SME,2025-08-08
CUST01159,B007,Affluent,2024-12-30
CUST01160,B003,SME,2024-06-08
CUST01161,B012,Affluent,2022-12-13
CUST01162,B002,SME,2024-02-25
CUST01163,B009,Retail,2025-08-27
CUST01164,B013,Affluent,2022-09-17
CUST01165,B018,Retail,2025-04-19
CUST01166,B015,Retail,2025-01-16
CUST01167,B004,Retail,2025-06-25
CUST01168,B008,Retail,2024-09-19
CUST01169,B013,Affluent,2025-05-10
CUST01170,B019,SME,2024-05-17
CUST01171,B003,Retail,2025-06-19
CUST01172,B007,SME,2023-05-05
CUST01173,B005,Retail,2023-12-20
CUST01174,B004,Retail,2023-03-30
CUST01175,B002,Retail,2023-05-26
CUST01176,B013,Affluent,2025-08-30
CUST01177,B013,SME,2023-06-09
CUST01178,B006,Affluent,2024-08-16
CUST01179,B006,Affluent,2024-04-04
CUST01180,B015,Retail,2025-08-20
CUST01181,B020,SME,2024-06-13
CUST01182,B010,Affluent,2023-07-09
CUST01183,B018,Affluent,2025-06-27
CUST01184,B003,Affluent,2023-09-06
CUST01185,B005,Affluent,2024-09-16
CUST01186,B017,Retail,2022-10-12
CUST01187,B001,Affluent,2023-10-25
CUST01188,B016,SME,2023-02-10
CUST01189,B012,SME,2023-01-05
CUST01190,B011,Affluent,2024-04-24
CUST01191,B006,Retail,2024-01-15
CUST01192,B020,Retail,2025-08-30
CUST01193,B009,Retail,2023-03-08
CUST01194,B017,Affluent,2024-07-10
CUST01195,B006,Retail,2024-06-09
CUST01196,B008,Affluent,2022-11-02
CUST01197,B002,Retail,2023-08-26
CUST01198,B012,Retail,2024-11-03
CUST01199,B008,SME,2024-01-17
CUST01200,B012,SME,2025-09-02
CUST01201,B012,SME,2025-01-11
CUST01202,B019,Retail,2023-01-25
CUST01203,B018,Affluent,2024-11-04
CUST01204,B016,Retail,2025-04-28
CUST01205,B002,Retail,2024-08-07
CUST01206,B001,SME,2023-02-24
CUST01207,B001,Affluent,2024-09-12
CUST01208,B005,Affluent,2024-10-31
CUST01209,B011,Retail,2025-09-15
CUST01210,B005,SME,2025-01-12
CUST01211,B004,SME,2023-10-13
CUST01212,B003,Affluent,2023-08-11
CUST01213,B019,Retail,2023-12-10
CUST01214,B010,Affluent,2025-01-23
CUST01215,B006,SME,2023-05-19
CUST01216,B016,SME,2024-01-19
CUST01217,B006,SME,2023-10-30
CUST01218,B008,SME,2024-11-04
CUST01219,B013,Affluent,2024-03-05
CUST01220,B005,Retail,2025-10-26
CUST01221,B019,Affluent,2025-08-24
CUST01222,B006,SME,2024-01-17
CUST01223,B020,Retail,2025-03-30
CUST01224,B016,Retail,2023-12-21
CUST01225,B003,Retail,2023-11-19
CUST01226,B011,Retail,2025-05-01
CUST01227,B011,Affluent,2025-10-06
CUST01228,B009,Retail,2024-06-05
CUST01229,B003,Affluent,2024-05-22
CUST01230,B004,SME,2025-10-27
CUST01231,B002,Affluent,2023-05-16
CUST01232,B014,Retail,2023-07-05
CUST01233,B016,Affluent,2023-11-10
CUST01234,B018,Affluent,2025-04-05
CUST01235,B016,SME,2024-07-25
CUST01236,B006,Affluent,2025-06-01
CUST01237,B002,Affluent,2025-09-18
CUST01238,B011,Affluent,2025-03-29
CUST01239,B003,Affluent,2024-11-15
CUST01240,B013,Retail,2025-05-29
CUST01241,B018,Retail,2023-12-07
CUST01242,B020,SME,2023-02-14
CUST01243,B001,Affluent,2024-11-26
CUST01244,B020,Affluent,2024-12-12
CUST01245,B002,Retail,2023-12-21
CUST01246,B007,Retail,2023-07-14
CUST01247,B018,SME,2022-10-19
CUST01248,B009,SME,2024-04-01
CUST01249,B010,Retail,2025-04-16
CUST01250,B002,Affluent,2022-09-30
CUST01251,B016,Retail,2025-07-10
CUST01252,B012,Retail,2023-06-07
CUST01253,B003,Affluent,2023-02-19
CUST01254,B007,Retail,2025-09-07
CUST01255,B007,Retail,2024-03-11
CUST01256,B003,Affluent,2025-03-07
CUST01257,B010,Affluent,2023-03-10
CUST01258,B016,SME,2024-05-05
CUST01259,B003,SME,2022-10-11
CUST01260,B013,Retail,2023-10-01
CUST01261,B013,Affluent,2024-10-12
CUST01262,B015,Retail,2024-05-08
CUST01263,B015,Affluent,2024-05-08
CUST01264,B008,Affluent,2025-06-25
CUST01265,B005,SME,2025-04-14
CUST01266,B003,SME,2023-11-25
CUST01267,B018,Affluent,2024-07-21
CUST01268,B018,Retail,2023-08-29
CUST01269,B017,Affluent,2022-10-29
CUST01270,B016,SME,2024-07-04
CUST01271,B016,Affluent,2025-05-21
CUST01272,B013,SME,2025-08-19
CUST01273,B017,SME,2022-12-06
CUST01274,B019,SME,2025-01-01
CUST01275,B004,Affluent,2024-11-09
CUST01276,B006,Retail,2024-09-30
CUST01277,B005,Retail,2023-06-15
CUST01278,B003,SME,2023-05-22
CUST01279,B007,SME,2024-12-31
CUST01280,B020,Affluent,2024-01-14
CUST01281,B003,Retail,2023-08-27
CUST01282,B018,Affluent,2022-09-25
CUST01283,B011,Affluent,2022-11-30
CUST01284,B015,Retail,2022-11-24
CUST01285,B014,Retail,2023-07-04
CUST01286,B005,Retail,2025-04-07
CUST01287,B004,SME,2025-04-06
CUST01288,B010,SME,2023-11-25
CUST01289,B014,Affluent,2023-09-06
CUST01290,B016,SME,2023-03-06
CUST01291,B002,Retail,2024-04-13
CUST01292,B013,Retail,2023-07-30
CUST01293,B002,Affluent,2023-12-21
CUST01294,B008,Retail,2023-03-01
CUST01295,B009,Affluent,2025-09-18
CUST01296,B011,Affluent,2024-02-01
CUST01297,B009,Affluent,2025-04-11
CUST01298,B008,Retail,2024-02-22
CUST01299,B015,Affluent,2024-04-26
CUST01300,B014,SME,2025-04-30
CUST01301,B007,Affluent,2024-08-23
CUST01302,B014,SME,2023-02-10
CUST01303,B017,Affluent,2025-07-06
CUST01304,B017,Retail,2025-06-17
CUST01305,B010,SME,2022-12-27
CUST01306,B013,Retail,2022-11-21
CUST01307,B019,Retail,2024-11-08
CUST01308,B007,Retail,2025-07-03
CUST01309,B008,Retail,2023-04-09
CUST01310,B002,Affluent,2024-09-17
CUST01311,B009,Affluent,2023-03-24
CUST01312,B017,Affluent,2025-02-18
CUST01313,B001,Retail,2023-09-28
CUST01314,B016,SME,2023-04-30
CUST01315,B006,Affluent,2022-09-26
CUST01316,B012,Affluent,2024-11-29
CUST01317,B009,SME,2025-04-27
CUST01318,B010,Retail,2023-08-30
CUST01319,B002,Retail,2024-08-17
CUST01320,B008,SME,2024-07-25
CUST01321,B007,Affluent,2023-07-14
CUST01322,B017,Retail,2025-10-11
CUST01323,B016,Retail,2024-11-09
CUST01324,B020,Retail,2024-07-28
CUST01325,B009,SME,2024-02-12
CUST01326,B009,Affluent,2023-09-19
CUST01327,B012,Affluent,2024-05-31
CUST01328,B007,Affluent,2024-02-19
CUST01329,B017,SME,2023-08-08
CUST01330,B019,Retail,2025-10-14
CUST01331,B017,SME,2023-09-24
CUST01332,B018,SME,2024-03-30
CUST01333,B010,SME,2025-03-22
CUST01334,B016,Retail,2023-12-11
CUST01335,B009,SME,2024-01-03
CUST01336,B009,Affluent,2024-02-26
CUST01337,B007,Retail,2022-12-05
CUST01338,B008,Retail,2023-07-25
CUST01339,B011,SME,2025-01-16
CUST01340,B001,SME,2023-01-15
CUST01341,B010,Affluent,2023-06-25
CUST01342,B013,Affluent,2025-08-18
CUST01343,B019,SME,2024-10-06
CUST01344,B011,SME,2024-07-31
CUST01345,B018,SME,2023-02-28
CUST01346,B012,SME,2024-02-23
CUST01347,B006,SME,2024-10-24
CUST01348,B010,Retail,2023-03-10
CUST01349,B005,SME,2024-05-18
CUST01350,B018,Retail,2023-12-12
CUST01351,B003,Retail,2023-11-02
CUST01352,B008,SME,2024-02-09
CUST01353,B014,Affluent,2023-09-29
CUST01354,B009,SME,2024-03-06
CUST01355,B015,Retail,2023-03-11
CUST01356,B002,SME,2025-06-06
CUST01357,B016,Retail,2023-01-09
CUST01358,B004,SME,2023-09-09
CUST01359,B017,Affluent,2023-07-06
CUST01360,B002,Retail,2025-01-21
CUST01361,B007,Affluent,2023-07-14
CUST01362,B019,Affluent,2025-01-09
CUST01363,B011,SME,2024-10-25
CUST01364,B003,Affluent,2023-12-18
CUST01365,B006,Affluent,2025-07-03
CUST01366,B001,Affluent,2024-04-17
CUST01367,B007,Retail,2024-12-09
CUST01368,B016,Retail,2025-02-06
CUST01369,B020,Affluent,2023-06-03
CUST01370,B013,Affluent,2023-02-25
CUST01371,B013,Retail,2025-08-13
CUST01372,B018,Retail,2023-09-26
CUST01373,B001,Affluent,2022-11-07
CUST01374,B007,Retail,2025-10-21
CUST01375,B008,Retail,2023-11-24
CUST01376,B010,Retail,2025-04-02
CUST01377,B013,SME,2024-02-11
CUST01378,B006,Retail,2025-07-28
CUST01379,B010,Affluent,2023-04-10
CUST01380,B017,SME,2022-11-21
CUST01381,B011,Affluent,2025-01-28
CUST01382,B011,Affluent,2023-10-25
CUST01383,B007,Retail,2023-07-26
CUST01384,B001,Retail,2024-07-27
CUST01385,B005,Retail,2025-09-15
CUST01386,B019,SME,2024-11-17
CUST01387,B004,Affluent,2025-08-14
CUST01388,B013,SME,2024-05-24
CUST01389,B018,SME,2025-07-22
CUST01390,B020,Retail,2025-03-22
CUST01391,B001,Retail,2025-03-06
CUST01392,B014,Affluent,2023-09-12
CUST01393,B004,SME,2024-05-30
CUST01394,B016,SME,2024-12-20
CUST01395,B007,SME,2025-10-10
CUST01396,B010,Affluent,2025-04-06
CUST01397,B017,Affluent,2025-01-22
CUST01398,B014,Retail,2022-12-17
CUST01399,B020,Retail,2024-03-30
CUST01400,B004,Retail,2023-01-14
CUST01401,B007,SME,2024-09-15
CUST01402,B009,SME,2024-09-11
CUST01403,B012,SME,2023-07-13
CUST01404,B010,Retail,2025-08-10
CUST01405,B018,Affluent,2024-08-30
CUST01406,B016,Affluent,2024-07-06
CUST01407,B001,Retail,2025-04-30
CUST01408,B004,SME,2023-01-22
CUST01409,B005,Retail,2022-12-17
CUST01410,B003,SME,2025-04-05
CUST01411,B009,SME,2024-07-13
CUST01412,B015,Affluent,2024-05-07
CUST01413,B015,Retail,2025-04-08
CUST01414,B006,Retail,2024-03-13
CUST01415,B012,SME,2024-01-28
CUST01416,B014,SME,2025-03-06
CUST01417,B004,Retail,2025-10-10
CUST01418,B005,SME,2024-11-14
CUST01419,B011,Affluent,2023-05-17
CUST01420,B020,Affluent,2025-04-22
CUST01421,B012,Affluent,2024-10-20
CUST01422,B004,Affluent,2023-08-02
CUST01423,B015,Affluent,2023-09-01
CUST01424,B016,Affluent,2024-11-22
CUST01425,B004,Retail,2025-07-01
CUST01426,B006,Retail,2023-06-30
CUST01427,B019,Affluent,2023-05-16
CUST01428,B006,SME,2023-09-13
CUST01429,B012,SME,2025-08-31
CUST01430,B005,Affluent,2023-02-03
CUST01431,B004,Affluent,2023-05-11
CUST01432,B002,Retail,2024-05-12
CUST01433,B011,Retail,2022-11-20
CUST01434,B019,SME,2024-07-28
CUST01435,B011,SME,2022-11-23
CUST01436,B020,Retail,2023-05-27
CUST01437,B008,Affluent,2023-11-21
CUST01438,B013,Retail,2025-07-10
CUST01439,B001,SME,2024-12-12
CUST01440,B017,Affluent,2023-01-18
CUST01441,B006,Retail,2023-01-27
CUST01442,B011,Retail,2023-12-22
CUST01443,B009,Retail,2022-12-26
CUST01444,B008,SME,2023-09-15
CUST01445,B013,Retail,2025-05-21
CUST01446,B015,Affluent,2023-04-26
CUST01447,B003,Affluent,2023-04-28
CUST01448,B011,Retail,2023-01-15
CUST01449,B001,Retail,2023-07-26
CUST01450,B014,Retail,2022-10-01
CUST01451,B001,Retail,2024-02-14
CUST01452,B017,SME,2024-09-01
CUST01453,B015,Affluent,2023-10-16
CUST01454,B002,Retail,2023-04-13
CUST01455,B011,SME,2023-03-06
CUST01456,B012,SME,2023-04-17
CUST01457,B004,Retail,2024-08-01
CUST01458,B001,Affluent,2023-11-02
CUST01459,B010,SME,2022-11-25
CUST01460,B012,SME,2025-03-26
CUST01461,B002,Retail,2023-01-25
CUST01462,B005,SME,2023-07-14
CUST01463,B004,Affluent,2024-09-23
CUST01464,B007,Retail,2023-08-17
CUST01465,B007,Affluent,2024-10-04
CUST01466,B011,Retail,2023-07-04
CUST01467,B002,SME,2025-02-19
CUST01468,B015,Affluent,2023-01-01
CUST01469,B005,Affluent,2025-10-21
CUST01470,B017,SME,2025-07-22
CUST01471,B018,Affluent,2023-02-13
CUST01472,B017,Retail,2024-11-08
CUST01473,B005,Retail,2023-08-28
CUST01474,B020,SME,2024-01-09
CUST01475,B017,Affluent,2023-06-25
CUST01476,B020,SME,2024-06-08
CUST01477,B009,Affluent,2023-11-27
CUST01478,B010,Affluent,2025-01-29
CUST01479,B005,Affluent,2022-12-15
CUST01480,B010,SME,2022-10-04
CUST01481,B011,SME,2022-09-22
CUST01482,B007,Retail,2024-08-26
CUST01483,B020,SME,2024-03-13
CUST01484,B012,SME,2025-01-31
CUST01485,B006,SME,2022-10-14
CUST01486,B011,SME,2025-03-07
CUST01487,B012,SME,2023-02-19
CUST01488,B019,SME,2023-06-28
CUST01489,B018,Affluent,2023-06-17
CUST01490,B001,SME,2025-03-25
CUST01491,B001,Affluent,2025-01-05
CUST01492,B002,SME,2025-07-06
CUST01493,B007,Affluent,2024-12-04
CUST01494,B010,SME,2024-06-03
CUST01495,B005,Retail,2024-03-04
CUST01496,B007,SME,2025-08-24
CUST01497,B012,Affluent,2025-04-03
CUST01498,B020,SME,2024-07-27
CUST01499,B018,Affluent,2024-06-30
CUST01500,B017,SME,2024-03-19
CUST01501,B002,Affluent,2023-08-28
CUST01502,B014,SME,2024-01-28
CUST01503,B018,Retail,2025-10-03
CUST01504,B009,Retail,2023-05-06
CUST01505,B008,SME,2023-10-07
CUST01506,B019,SME,2024-09-22
CUST01507,B007,Affluent,2023-04-24
CUST01508,B006,SME,2025-05-30
CUST01509,B006,Retail,2022-12-12
CUST01510,B004,Affluent,2025-08-07
CUST01511,B014,Affluent,2022-09-16
CUST01512,B009,Retail,2024-12-04
CUST01513,B019,Affluent,2025-10-18
CUST01514,B011,Affluent,2024-12-16
CUST01515,B002,Retail,2024-01-08
CUST01516,B020,Retail,2024-02-21
CUST01517,B016,SME,2022-09-29
CUST01518,B012,Retail,2024-01-18
CUST01519,B017,Retail,2024-10-18
CUST01520,B017,Retail,2022-12-30
CUST01521,B006,Affluent,2022-10-13
CUST01522,B018,Affluent,2025-04-24
CUST01523,B012,Retail,2024-08-19
CUST01524,B011,Affluent,2023-10-22
CUST01525,B010,Retail,2022-11-08
CUST01526,B016,SME,2025-10-11
CUST01527,B004,SME,2023-11-21
CUST01528,B015,Retail,2024-06-17
CUST01529,B002,SME,2024-01-11
CUST01530,B013,Retail,2023-08-31
CUST01531,B009,SME,2024-03-29
CUST01532,B001,SME,2023-09-23
CUST01533,B017,SME,2023-05-01
CUST01534,B016,Retail,2024-03-01
CUST01535,B007,Affluent,2022-12-12
CUST01536,B003,Retail,2024-11-21
CUST01537,B018,SME,2025-10-14
CUST01538,B003,Retail,2024-08-19
CUST01539,B014,Retail,2024-09-03
CUST01540,B018,SME,2023-05-22
CUST01541,B003,SME,2024-12-19
CUST01542,B001,Affluent,2023-12-20
CUST01543,B002,Retail,2025-06-01
CUST01544,B002,Retail,2024-06-01
CUST01545,B018,Retail,2024-07-20
CUST01546,B009,Affluent,2023-08-27
CUST01547,B015,SME,2023-07-24
CUST01548,B014,Affluent,2025-09-25
CUST01549,B013,SME,2025-03-01
CUST01550,B018,Retail,2025-06-22
CUST01551,B019,Retail,2025-06-03
CUST01552,B012,SME,2025-03-26
CUST01553,B010,SME,2024-02-20
CUST01554,B020,Retail,2024-04-01
CUST01555,B015,Affluent,2023-08-12
CUST01556,B001,Affluent,2024-12-13
CUST01557,B018,Retail,2025-01-23
CUST01558,B013,SME,2024-03-04
CUST01559,B005,Affluent,2023-09-26
CUST01560,B001,SME,2022-09-19
CUST01561,B005,Retail,2025-08-05
CUST01562,B001,SME,2023-08-14
CUST01563,B018,SME,2025-05-08
CUST01564,B010,Retail,2023-11-25
CUST01565,B007,Affluent,2022-12-15
CUST01566,B005,Retail,2024-10-18
CUST01567,B008,SME,2024-05-30
CUST01568,B007,Retail,2024-10-23
CUST01569,B019,Retail,2022-10-01
CUST01570,B015,SME,2022-09-30
CUST01571,B003,Affluent,2025-06-14
CUST01572,B009,Retail,2024-09-20
CUST01573,B019,Affluent,2023-12-22
CUST01574,B012,Retail,2024-07-06
CUST01575,B004,Affluent,2025-06-09
CUST01576,B007,Affluent,2023-02-07
CUST01577,B015,Affluent,2024-02-11
CUST01578,B019,Retail,2023-10-14
CUST01579,B011,Affluent,2024-11-18
CUST01580,B001,Affluent,2024-06-12
CUST01581,B008,SME,2023-05-20
CUST01582,B009,Affluent,2025-01-27
CUST01583,B011,Affluent,2023-03-27
CUST01584,B015,Affluent,2024-02-12
CUST01585,B016,SME,2025-03-21
CUST01586,B006,SME,2025-05-15
CUST01587,B009,Retail,2022-10-22
CUST01588,B007,Affluent,2025-05-26
CUST01589,B003,Retail,2022-12-26
CUST01590,B001,SME,2023-07-23
CUST01591,B019,Retail,2025-08-15
CUST01592,B018,Affluent,2022-10-12
CUST01593,B018,Affluent,2024-12-29
CUST01594,B012,Affluent,2024-07-29
CUST01595,B019,SME,2024-03-13
CUST01596,B005,Affluent,2023-01-07
CUST01597,B017,Retail,2023-08-09
CUST01598,B012,SME,2025-10-08
CUST01599,B008,SME,2024-11-24
CUST01600,B017,Retail,2023-04-30
CUST01601,B006,Retail,2025-01-03
CUST01602,B016,Affluent,2025-08-08
CUST01603,B008,Affluent,2024-07-12
CUST01604,B003,Affluent,2023-10-04
CUST01605,B008,Retail,2024-09-01
CUST01606,B017,Affluent,2023-08-27
CUST01607,B016,Affluent,2025-07-26
CUST01608,B002,SME,2024-01-05
CUST01609,B004,SME,2022-11-27
CUST01610,B009,SME,2024-05-08
CUST01611,B019,SME,2024-11-07
CUST01612,B013,SME,2023-09-15
CUST01613,B012,SME,2025-05-23
CUST01614,B017,Affluent,2023-09-20
CUST01615,B008,SME,2023-07-21
CUST01616,B012,Affluent,2023-02-05
CUST01617,B016,SME,2025-10-16
CUST01618,B017,Retail,2023-05-13
CUST01619,B006,Retail,2025-05-25
CUST01620,B017,SME,2024-04-02
CUST01621,B007,Retail,2024-10-12
CUST01622,B006,Affluent,2025-03-01
CUST01623,B008,Affluent,2023-12-23
CUST01624,B004,Affluent,2023-02-22
CUST01625,B016,Retail,2024-12-03
CUST01626,B014,Retail,2024-06-17
CUST01627,B002,Retail,2024-12-04
CUST01628,B005,SME,2022-12-15
CUST01629,B002,SME,2025-01-02
CUST01630,B002,Retail,2024-05-19
CUST01631,B006,SME,2023-07-22
CUST01632,B020,SME,2025-09-21
CUST01633,B010,Retail,2024-08-12
CUST01634,B015,SME,2023-03-09
CUST01635,B016,Retail,2024-08-06
CUST01636,B014,SME,2025-01-10
CUST01637,B019,Retail,2022-12-18
CUST01638,B009,Retail,2023-11-28
CUST01639,B015,SME,2025-06-11
CUST01640,B008,Affluent,2023-09-01
CUST01641,B005,Retail,2025-09-26
CUST01642,B007,SME,2023-01-01
CUST01643,B014,Retail,2025-04-15
CUST01644,B006,Affluent,2025-08-11
CUST01645,B018,SME,2025-03-03
CUST01646,B003,Affluent,2025-02-05
CUST01647,B020,SME,2025-10-27
CUST01648,B014,SME,2023-06-21
CUST01649,B012,Retail,2022-11-09
CUST01650,B014,Retail,2023-02-15
CUST01651,B013,Affluent,2025-04-12
CUST01652,B014,Retail,2024-05-26
CUST01653,B016,Retail,2025-05-11
CUST01654,B010,SME,2022-10-12
CUST01655,B014,Affluent,2024-10-07
CUST01656,B001,SME,2025-10-15
CUST01657,B019,SME,2025-03-02
CUST01658,B017,Retail,2023-09-22
CUST01659,B007,SME,2024-01-22
CUST01660,B014,Affluent,2025-03-25
CUST01661,B005,Affluent,2024-05-28
CUST01662,B009,SME,2023-06-15
CUST01663,B019,Affluent,2024-04-13
CUST01664,B013,Retail,2023-07-06
CUST01665,B018,SME,2023-02-14
CUST01666,B006,Affluent,2022-09-19
CUST01667,B016,Affluent,2024-02-09
CUST01668,B019,Affluent,2023-08-06
CUST01669,B005,SME,2025-02-28
CUST01670,B008,Affluent,2024-12-02
CUST01671,B004,Retail,2022-12-23
CUST01672,B013,Affluent,2022-09-28
CUST01673,B020,SME,2025-07-15
CUST01674,B006,Affluent,2025-10-19
CUST01675,B003,Retail,2023-03-09
CUST01676,B020,Affluent,2025-05-02
CUST01677,B003,Affluent,2024-08-01
CUST01678,B012,Retail,2025-08-13
CUST01679,B013,Affluent,2022-11-27
CUST01680,B010,SME,2025-07-04
CUST01681,B006,SME,2023-01-21
CUST01682,B015,Retail,2024-09-11
CUST01683,B017,Affluent,2024-09-26
CUST01684,B002,SME,2022-12-19
CUST01685,B017,SME,2024-07-12
CUST01686,B020,Retail,2025-08-17
CUST01687,B012,Retail,2025-10-29
CUST01688,B006,Retail,2024-04-12
CUST01689,B013,Affluent,2023-08-12
CUST01690,B013,SME,2024-09-14
CUST01691,B017,Retail,2025-06-11
CUST01692,B003,SME,2024-03-26
CUST01693,B018,SME,2023-11-17
CUST01694,B012,Affluent,2024-07-23
CUST01695,B020,Retail,2023-04-12
CUST01696,B013,SME,2025-10-20
CUST01697,B009,Retail,2023-07-19
CUST01698,B017,Retail,2025-06-03
CUST01699,B017,Affluent,2023-12-03
CUST01700,B004,SME,2024-05-20
CUST01701,B018,SME,2024-06-04
CUST01702,B015,Affluent,2023-02-12
CUST01703,B008,Affluent,2023-04-04
CUST01704,B015,SME,2025-09-03
CUST01705,B016,Retail,2024-05-19
CUST01706,B003,Affluent,2024-08-04
CUST01707,B008,Affluent,2023-07-08
CUST01708,B012,SME,2022-10-28
CUST01709,B001,SME,2024-05-08
CUST01710,B008,Affluent,2025-04-22
CUST01711,B013,SME,2023-11-29
CUST01712,B003,SME,2024-10-29
CUST01713,B016,Affluent,2023-11-05
CUST01714,B007,SME,2024-04-26
CUST01715,B006,SME,2024-10-05
CUST01716,B016,SME,2024-09-16
CUST01717,B008,SME,2024-06-21
CUST01718,B009,Retail,2024-07-17
CUST01719,B007,Retail,2023-10-31
CUST01720,B005,Retail,2025-02-26
CUST01721,B003,SME,2023-01-25
CUST01722,B020,Retail,2022-10-17
CUST01723,B002,Affluent,2023-09-30
CUST01724,B020,Affluent,2023-01-25
CUST01725,B019,Affluent,2023-01-28
CUST01726,B006,SME,2024-04-04
CUST01727,B013,Retail,2025-02-09
CUST01728,B002,SME,2023-06-16
CUST01729,B016,SME,2025-08-24
CUST01730,B017,Affluent,2023-08-15
CUST01731,B006,Affluent,2025-02-25
CUST01732,B017,Affluent,2024-01-22
CUST01733,B001,Retail,2024-08-24
CUST01734,B013,SME,2025-04-06
CUST01735,B011,Affluent,2024-05-16
CUST01736,B006,SME,2024-05-09
CUST01737,B008,Affluent,2023-03-09
CUST01738,B020,Affluent,2023-10-11
CUST01739,B006,Affluent,2023-06-14
CUST01740,B007,Affluent,2023-09-28
CUST01741,B012,Affluent,2024-04-05
CUST01742,B015,Retail,2025-02-03
CUST01743,B019,SME,2024-07-18
CUST01744,B004,SME,2024-04-25
CUST01745,B008,SME,2023-05-28
CUST01746,B013,Retail,2025-01-04
CUST01747,B005,Affluent,2025-10-10
CUST01748,B006,Affluent,2023-01-10
CUST01749,B005,SME,2022-12-06
CUST01750,B018,SME,2024-01-22
CUST01751,B016,Affluent,2024-06-03
CUST01752,B018,SME,2025-07-24
CUST01753,B013,Retail,2024-11-29
CUST01754,B002,Retail,2024-05-27
CUST01755,B016,SME,2025-04-15
CUST01756,B015,SME,2023-12-14
CUST01757,B009,Affluent,2023-10-23
CUST01758,B018,SME,2024-05-20
CUST01759,B012,Retail,2023-07-09
CUST01760,B004,Affluent,2024-09-17
CUST01761,B019,SME,2022-10-23
CUST01762,B006,Affluent,2023-11-02
CUST01763,B011,SME,2022-12-19
CUST01764,B016,SME,2023-04-28
CUST01765,B003,Affluent,2024-03-22
CUST01766,B015,SME,2025-01-06
CUST01767,B006,SME,2023-12-09
CUST01768,B014,SME,2023-07-24
CUST01769,B003,Retail,2024-12-02
CUST01770,B011,Retail,2024-01-26
CUST01771,B011,SME,2024-03-12
CUST01772,B009,SME,2023-08-12
CUST01773,B009,Affluent,2023-10-17
CUST01774,B019,SME,2023-04-21
CUST01775,B014,Retail,2024-10-18
CUST01776,B001,Retail,2024-07-06
CUST01777,B009,SME,2025-05-19
CUST01778,B007,Retail,2023-08-08
CUST01779,B004,Retail,2025-06-21
CUST01780,B016,SME,2025-07-11
CUST01781,B001,Affluent,2022-11-21
CUST01782,B003,Retail,2024-05-10
CUST01783,B020,Retail,2025-05-10
CUST01784,B013,Affluent,2024-07-17
CUST01785,B008,SME,2024-03-27
CUST01786,B015,SME,2025-02-13
CUST01787,B005,SME,2024-11-14
CUST01788,B001,Retail,2023-10-30
CUST01789,B011,Affluent,2023-03-18
CUST01790,B018,Affluent,2022-10-02
CUST01791,B015,Retail,2022-10-21
CUST01792,B006,SME,2023-04-08
CUST01793,B019,Affluent,2022-11-22
CUST01794,B018,Affluent,2023-11-18
CUST01795,B016,SME,2024-07-21
CUST01796,B003,Affluent,2024-02-07
CUST01797,B012,Affluent,2024-05-15
CUST01798,B005,Affluent,2025-10-08
CUST01799,B001,SME,2025-01-23
CUST01800,B012,Affluent,2023-03-14
CUST01801,B018,Retail,2023-01-26
CUST01802,B016,Affluent,2025-10-11
CUST01803,B014,Affluent,2024-07-13
CUST01804,B001,SME,2023-09-25
CUST01805,B007,Affluent,2023-05-18
CUST01806,B013,Retail,2024-11-29
CUST01807,B013,Affluent,2024-08-04
CUST01808,B009,Retail,2023-06-18
CUST01809,B008,SME,2024-04-21
CUST01810,B010,SME,2022-11-05
CUST01811,B009,Affluent,2024-10-09
CUST01812,B003,Retail,2025-01-23
CUST01813,B010,Retail,2023-04-11
CUST01814,B020,Affluent,2024-04-20
CUST01815,B020,Affluent,2024-10-10
CUST01816,B011,Retail,2024-12-22
CUST01817,B002,SME,2025-09-14
CUST01818,B006,Retail,2024-03-31
CUST01819,B009,Retail,2023-05-16
CUST01820,B001,Retail,2025-04-28
CUST01821,B005,Retail,2023-01-23
CUST01822,B007,Affluent,2023-06-22
CUST01823,B010,Affluent,2023-09-30
CUST01824,B015,SME,2025-08-26
CUST01825,B011,Retail,2025-01-03
CUST01826,B002,Affluent,2023-08-18
CUST01827,B003,SME,2023-03-12
CUST01828,B006,Retail,2024-06-04
CUST01829,B013,Retail,2025-02-22
CUST01830,B008,Affluent,2023-05-06
CUST01831,B008,SME,2025-08-22
CUST01832,B007,Affluent,2025-04-20
CUST01833,B017,SME,2024-08-29
CUST01834,B016,Affluent,2024-01-29
CUST01835,B011,Retail,2025-08-04
CUST01836,B018,SME,2025-02-21
CUST01837,B009,Affluent,2024-02-26
CUST01838,B007,Affluent,2025-07-15
CUST01839,B007,Retail,2024-07-03
CUST01840,B014,Affluent,2025-09-29
CUST01841,B006,Affluent,2025-02-26
CUST01842,B013,Retail,2025-10-11
CUST01843,B002,SME,2023-03-01
CUST01844,B020,Retail,2023-09-30
CUST01845,B003,Retail,2024-12-11
CUST01846,B016,Retail,2023-12-06
CUST01847,B002,Retail,2023-11-01
CUST01848,B005,SME,2022-10-27
CUST01849,B004,Retail,2023-02-03
CUST01850,B008,Affluent,2023-11-18
CUST01851,B015,SME,2024-09-29
CUST01852,B001,SME,2023-09-17
CUST01853,B012,SME,2025-01-27
CUST01854,B009,Retail,2023-02-09
CUST01855,B015,SME,2024-03-05
CUST01856,B018,SME,2023-01-30
CUST01857,B007,SME,2024-10-12
CUST01858,B018,Affluent,2024-01-06
CUST01859,B015,Affluent,2022-09-20
CUST01860,B006,Retail,2022-11-07
CUST01861,B005,Affluent,2024-03-03
CUST01862,B009,SME,2023-10-09
CUST01863,B015,Retail,2022-12-28
CUST01864,B013,SME,2024-10-15
CUST01865,B001,SME,2023-10-15
CUST01866,B020,Retail,2024-01-12
CUST01867,B003,SME,2022-10-22
CUST01868,B013,Retail,2022-11-21
CUST01869,B016,SME,2024-12-18
CUST01870,B020,Affluent,2024-01-08
CUST01871,B014,SME,2024-01-09
CUST01872,B004,Retail,2022-11-23
CUST01873,B003,Retail,2025-02-06
CUST01874,B006,Retail,2024-09-11
CUST01875,B004,Affluent,2024-10-02
CUST01876,B004,Retail,2023-08-26
CUST01877,B016,SME,2024-05-23
CUST01878,B002,Affluent,2024-08-03
CUST01879,B020,SME,2025-06-06
CUST01880,B001,Retail,2023-01-27
CUST01881,B003,Affluent,2025-06-27
CUST01882,B012,SME,2023-07-01
CUST01883,B012,SME,2025-07-02
CUST01884,B020,Affluent,2022-11-11
CUST01885,B002,SME,2025-06-07
CUST01886,B010,Retail,2024-08-13
CUST01887,B017,Retail,2025-04-05
CUST01888,B008,SME,2023-09-01
CUST01889,B007,Retail,2022-11-17
CUST01890,B008,SME,2024-10-28
CUST01891,B018,SME,2023-07-02
CUST01892,B004,SME,2023-10-27
CUST01893,B015,SME,2023-06-08
CUST01894,B004,Retail,2024-10-25
CUST01895,B018,Affluent,2022-12-31
CUST01896,B011,SME,2024-12-10
CUST01897,B018,SME,2023-05-06
CUST01898,B012,Affluent,2022-09-29
CUST01899,B011,Affluent,2023-07-08
CUST01900,B014,SME,2024-01-06
CUST01901,B020,Retail,2022-10-08
CUST01902,B007,Affluent,2022-09-29
CUST01903,B009,Affluent,2023-04-17
CUST01904,B015,Affluent,2025-10-29
CUST01905,B002,Affluent,2025-09-26
CUST01906,B017,Retail,2024-02-19
CUST01907,B001,Affluent,2024-08-01
CUST01908,B007,Affluent,2025-09-15
CUST01909,B009,SME,2022-12-17
CUST01910,B018,SME,2024-12-17
CUST01911,B004,Retail,2023-04-01
CUST01912,B012,Retail,2025-01-19
CUST01913,B009,Affluent,2024-06-05
CUST01914,B008,Affluent,2024-02-22
CUST01915,B003,SME,2023-08-03
CUST01916,B019,Retail,2025-05-24
CUST01917,B011,Affluent,2024-11-09
CUST01918,B016,SME,2025-04-17
CUST01919,B020,SME,2024-02-22
CUST01920,B002,SME,2023-09-09
CUST01921,B003,Retail,2023-12-15
CUST01922,B012,Affluent,2023-06-29
CUST01923,B004,Retail,2025-10-06
CUST01924,B013,Retail,2024-02-13
CUST01925,B017,Retail,2024-01-15
CUST01926,B018,SME,2024-12-27
CUST01927,B011,SME,2024-08-03
CUST01928,B005,Retail,2023-08-17
CUST01929,B015,SME,2022-12-31
CUST01930,B003,Retail,2023-05-29
CUST01931,B010,Affluent,2024-12-30
CUST01932,B005,Affluent,2025-05-13
CUST01933,B016,SME,2025-07-21
CUST01934,B018,Affluent,2024-05-10
CUST01935,B003,Affluent,2023-01-06
CUST01936,B014,SME,2025-02-04
CUST01937,B005,Affluent,2024-09-19
CUST01938,B016,Affluent,2024-09-23
CUST01939,B018,SME,2022-11-21
CUST01940,B008,Retail,2025-06-05
CUST01941,B009,Affluent,2024-01-06
CUST01942,B019,Retail,2025-03-13
CUST01943,B014,Affluent,2023-10-12
CUST01944,B012,Retail,2024-01-12
CUST01945,B012,SME,2025-09-10
CUST01946,B010,Retail,2023-11-13
CUST01947,B020,Affluent,2025-01-04
CUST01948,B015,Retail,2024-07-08
CUST01949,B007,SME,2023-09-25
CUST01950,B005,SME,2025-05-07
CUST01951,B004,SME,2025-07-10
CUST01952,B008,SME,2024-12-31
CUST01953,B010,Retail,2023-11-26
CUST01954,B004,Affluent,2023-04-22
CUST01955,B016,Retail,2023-12-20
CUST01956,B007,SME,2022-10-24
CUST01957,B007,Retail,2022-10-06
CUST01958,B017,Affluent,2022-10-02
CUST01959,B016,SME,2025-01-13
CUST01960,B001,Affluent,2022-11-16
CUST01961,B002,Affluent,2024-11-15
CUST01962,B002,Affluent,2024-09-13
CUST01963,B020,Affluent,2025-07-13
CUST01964,B015,SME,2025-10-12
CUST01965,B003,Affluent,2024-04-22
CUST01966,B012,Retail,2025-09-20
CUST01967,B010,SME,2023-08-30
CUST01968,B008,Affluent,2022-12-23
CUST01969,B004,Affluent,2023-02-10
CUST01970,B020,SME,2025-05-02
CUST01971,B006,Retail,2023-01-08
CUST01972,B015,SME,2025-09-15
CUST01973,B002,Retail,2022-11-10
CUST01974,B010,Affluent,2023-01-30
CUST01975,B013,SME,2024-12-12
CUST01976,B001,Affluent,2023-11-09
CUST01977,B012,SME,2024-02-18
CUST01978,B008,SME,2024-04-13
CUST01979,B002,SME,2024-05-20
CUST01980,B013,Retail,2022-09-19
CUST01981,B009,Retail,2024-12-23
CUST01982,B011,Affluent,2025-01-21
CUST01983,B003,SME,2023-09-08
CUST01984,B017,SME,2024-07-21
CUST01985,B014,Retail,2024-12-21
CUST01986,B014,Affluent,2023-12-25
CUST01987,B015,SME,2025-02-02
CUST01988,B007,SME,2025-01-19
CUST01989,B019,SME,2024-09-10
CUST01990,B005,Affluent,2022-11-22
CUST01991,B005,Affluent,2025-01-05
CUST01992,B019,Retail,2024-01-18
CUST01993,B003,SME,2022-11-03
CUST01994,B004,Retail,2024-01-18
CUST01995,B005,SME,2025-08-30
CUST01996,B011,Affluent,2023-07-10
CUST01997,B010,Affluent,2024-04-17
CUST01998,B005,Retail,2025-03-25
CUST01999,B005,Retail,2025-09-06
CUST02000,B020,SME,2024-05-01
